	source_url	source_url_normalized	ref	fact	bias
0	http://www.villagevoice.com/	villagevoice.com	http://mediabiasfactcheck.com/the-village-voice/	high	left
2	http://www.fury.news/	fury.news	http://mediabiasfactcheck.com/fury-news/	low	right
3	http://now8news.com/	now8news.com	http://mediabiasfactcheck.com/now8news/	low	center
4	http://constitution.com/	constitution.com	http://mediabiasfactcheck.com/the-constitution/	low	right
5	http://freebeacon.com/	freebeacon.com	http://mediabiasfactcheck.com/washington-free-beacon/	mixed	right
6	http://brexitcentral.com	brexitcentral.com	https://mediabiasfactcheck.com/brexitcentral/	mixed	right
7	http://foreignpolicynews.org	foreignpolicynews.org	https://mediabiasfactcheck.com/foreign-policy-news/	mixed	left
8	https://patriotpost.us/	patriotpost.us	http://mediabiasfactcheck.com/the-patriot-post/	mixed	right
9	http://loser.com	loser.com	https://mediabiasfactcheck.com/loser-com/	low	left
10	http://www.empiresports.co/	empiresports.co	http://mediabiasfactcheck.com/empire-sports-news/	low	center
12	http://samuel-warde.com/	samuel-warde.com	http://mediabiasfactcheck.com/liberals-unite-samuel-warde/	mixed	left
13	http://www.trueactivist.com/	trueactivist.com	http://mediabiasfactcheck.com/true-activist/	low	left
14	https://popularresistance.org/	popularresistance.org	https://mediabiasfactcheck.com/popular-resistance/	mixed	left
15	https://www.thebeaverton.com/	thebeaverton.com	http://mediabiasfactcheck.com/the-beaverton/	low	center
16	http://nationalreport.net/	nationalreport.net	http://mediabiasfactcheck.com/national-report/	low	center
17	https://politicalmayhem.news	politicalmayhem.news	https://mediabiasfactcheck.com/political-mayhem-news/	low	right
19	http://www.breitbart.com/	breitbart.com	http://mediabiasfactcheck.com/breitbart/	mixed	right
20	http://www.forwardprogressives.com/	forwardprogressives.com	http://mediabiasfactcheck.com/forward-progressives/	high	left
21	https://triggerreset.net	triggerreset.net	https://mediabiasfactcheck.com/triggerreset/	low	right
23	http://www.dcclothesline.com/	dcclothesline.com	http://mediabiasfactcheck.com/the-d-c-clothesline/	low	right
24	http://liberaldarkness.com/	liberaldarkness.com	http://mediabiasfactcheck.com/liberal-darkness/	low	center
25	http://leftoverrights.com/	leftoverrights.com	http://mediabiasfactcheck.com/left-over-rights/	mixed	left
26	http://inthesetimes.com/	inthesetimes.com	http://mediabiasfactcheck.com/in-these-times/	high	left
28	http://france24-tv.com/	france24-tv.com	https://mediabiasfactcheck.com/france24-tv-com/	low	right
29	http://freewestmedia.com/	freewestmedia.com	http://mediabiasfactcheck.com/free-west-media/	mixed	right
30	https://theguardiansofdemocracy.com/	theguardiansofdemocracy.com	https://mediabiasfactcheck.com/guardians-of-democracy/	high	left
32	https://www.conservativeoutfitters.com/blogs/news	conservativeoutfitters.com-blogs-news	http://mediabiasfactcheck.com/conservative-outfitters/	mixed	right
35	http://www.amazingnews.net/	amazingnews.net	https://mediabiasfactcheck.com/amazingnews-net/	low	right
37	https://aceflashman.wordpress.com/	aceflashman.wordpress.com	http://mediabiasfactcheck.com/ace-flashman/	low	center
38	http://www.hoax-slayer.com/	hoax-slayer.com	http://mediabiasfactcheck.com/hoax-slayer/	high	center
39	https://home.nra.org/	home.nra.org	http://mediabiasfactcheck.com/national-rifle-association-nra/	mixed	right
40	https://americanbridgepac.org/	americanbridgepac.org	http://mediabiasfactcheck.com/american-bridge-21st-century/	mixed	left
42	http://www.voanews.com/	voanews.com	http://mediabiasfactcheck.com/voice-of-america/	high	center
43	https://newsandstoriesfromusa.com/	newsandstoriesfromusa.com	https://mediabiasfactcheck.com/news-stories-usa/	low	right
44	http://offendedamerica.com/	offendedamerica.com	https://mediabiasfactcheck.com/offended-america/	mixed	right
46	https://southafricatoday.net	southafricatoday.net	https://mediabiasfactcheck.com/south-africa-today/	low	right
47	http://blackpigeonspeaks.com/	blackpigeonspeaks.com	https://mediabiasfactcheck.com/black-pigeon-speaks/	low	right
48	https://www.churchmilitant.com/	churchmilitant.com	https://mediabiasfactcheck.com/church-militant/	mixed	right
49	http://www.liberalamerica.org/	liberalamerica.org	http://mediabiasfactcheck.com/liberal-america/	mixed	left
50	https://www.newscientist.com/	newscientist.com	http://mediabiasfactcheck.com/new-scientist/	high	center
51	http://www.theskimm.com/	theskimm.com	http://mediabiasfactcheck.com/the-skimm/	high	center
52	https://iowastartingline.com	iowastartingline.com	https://mediabiasfactcheck.com/iowa-starting-line/	high	left
53	http://deepleftfield.info/	deepleftfield.info	https://mediabiasfactcheck.com/deep-left-field/	mixed	left
54	http://www.burrardstreetjournal.com/	burrardstreetjournal.com	http://mediabiasfactcheck.com/burrard-street-journal/	low	center
55	http://www.who.int/en/	who.int-en	http://mediabiasfactcheck.com/world-health-organization-who/	high	center
57	http://yellowhammernews.com/	yellowhammernews.com	http://mediabiasfactcheck.com/yellowhammer-news/	high	right
58	http://news.groopspeak.com/	news.groopspeak.com	http://mediabiasfactcheck.com/groopspeak/	mixed	left
60	http://www.intellectualtakeout.org/	intellectualtakeout.org	https://mediabiasfactcheck.com/intellectual-takeout/	mixed	right
61	http://conservativefighters.com/	conservativefighters.com	http://mediabiasfactcheck.com/conservative-fighters/	low	right
64	https://gawken.com/	gawken.com	http://mediabiasfactcheck.com/gawken/	low	center
65	http://bigleaguepolitics.com/	bigleaguepolitics.com	https://mediabiasfactcheck.com/big-league-politics/	mixed	right
67	http://www.leftsideofhistory.com/	leftsideofhistory.com	http://mediabiasfactcheck.com/left-side-of-history/	mixed	left
68	http://reagancoalition.com/	reagancoalition.com	http://mediabiasfactcheck.com/reagan-coalition/	low	right
70	https://newswars.com/	newswars.com	https://mediabiasfactcheck.com/newswars/	low	right
71	http://www.progressive.org/	progressive.org	http://mediabiasfactcheck.com/the-progressive/	high	left
72	https://www.oathkeepers.org	oathkeepers.org	https://mediabiasfactcheck.com/oath-keepers/	low	right
73	http://www.anthropocenemagazine.org/	anthropocenemagazine.org	http://mediabiasfactcheck.com/conservation-magazine/	high	center
74	http://www.atlbanana.com/	atlbanana.com	http://mediabiasfactcheck.com/the-atlanta-banana/	low	center
75	http://www.salon.com/	salon.com	http://mediabiasfactcheck.com/salon/	high	left
77	https://brokenworldnews.com/	brokenworldnews.com	http://mediabiasfactcheck.com/broken-world-news/	low	center
78	http://www.atimes.com/	atimes.com	https://mediabiasfactcheck.com/asia-times/	high	center
79	http://www.patriotfires.com/	patriotfires.com	http://mediabiasfactcheck.com/patriot-fires/	low	right
80	http://www.allgov.com	allgov.com	https://mediabiasfactcheck.com/allgov/	high	center
81	http://www.thegoldwater.com/	thegoldwater.com	https://mediabiasfactcheck.com/the-goldwater/	low	right
83	http://resistancereport.com/	resistancereport.com	http://mediabiasfactcheck.com/resistance-report/	low	left
84	http://democraticreview.com/	democraticreview.com	http://mediabiasfactcheck.com/democratic-review/	low	left
85	http://www.medicaldaily.com/	medicaldaily.com	https://mediabiasfactcheck.com/medical-daily/	high	center
86	http://americannewsx.com/	americannewsx.com	http://mediabiasfactcheck.com/american-news-x/	mixed	left
88	https://www.japantimes.co.jp/	japantimes.co.jp	https://mediabiasfactcheck.com/japan-times/	high	center
89	http://www.chicksontheright.com/	chicksontheright.com	http://mediabiasfactcheck.com/chicks-on-the-right/	mixed	right
90	https://www.foreignpolicyjournal.com	foreignpolicyjournal.com	https://mediabiasfactcheck.com/foreign-policy-journal/	high	left
91	https://www.quantamagazine.org/	quantamagazine.org	https://mediabiasfactcheck.com/quanta-magazine/	high	center
93	http://harvardpolitics.com/	harvardpolitics.com	http://mediabiasfactcheck.com/harvard-political-review/	high	center
94	http://newsuptoday.com/	newsuptoday.com	https://mediabiasfactcheck.com/news-up-today/	low	right
95	https://sciencetrends.com	sciencetrends.com	https://mediabiasfactcheck.com/science-trends/	high	center
96	https://viralcords.com/	viralcords.com	http://mediabiasfactcheck.com/viral-cords/	low	center
97	http://www.climatecentral.org/	climatecentral.org	http://mediabiasfactcheck.com/climate-central/	high	center
98	http://siouxcityjournal.com/	siouxcityjournal.com	https://mediabiasfactcheck.com/sioux-city-journal/	high	center
99	https://www.commentarymagazine.com/	commentarymagazine.com	http://mediabiasfactcheck.com/commentary-magazine/	high	right
100	https://www.themaven.net/beingliberal	themaven.net-beingliberal	https://mediabiasfactcheck.com/being-liberal/	mixed	left
101	https://www.cpj.org/	cpj.org	http://mediabiasfactcheck.com/committee-to-protect-journalists/	high	center
102	http://www.adelaidenow.com.au/	adelaidenow.com.au	https://mediabiasfactcheck.com/the-advertiser/	mixed	right
105	http://www.bangkokpost.com/	bangkokpost.com	http://mediabiasfactcheck.com/the-bangkok-post/	high	center
106	http://bigamericannews.com/	bigamericannews.com	http://mediabiasfactcheck.com/big-american-news/	low	center
107	http://www.psypost.org/	psypost.org	http://mediabiasfactcheck.com/psypost/	high	center
108	http://www.beliefnet.com	beliefnet.com	https://mediabiasfactcheck.com/beliefnet/	mixed	right
109	https://placesjournal.org/	placesjournal.org	http://mediabiasfactcheck.com/places-journal/	high	center
110	http://www.politicalgarbagechute.com/	politicalgarbagechute.com	http://mediabiasfactcheck.com/the-political-garbage-chute/	low	center
111	https://rewire.news/	rewire.news	http://mediabiasfactcheck.com/rewire/	high	left
112	https://www.defconwarningsystem.com	defconwarningsystem.com	https://mediabiasfactcheck.com/defcon-warning-system/	high	center
113	http://www.pnas.org/	pnas.org	http://mediabiasfactcheck.com/proceedings-of-the-national-academy-of-sciences-of-the-united-states-of-america-pnas/	high	center
114	https://www.truthexaminer.com/	truthexaminer.com	http://mediabiasfactcheck.com/truth-examiner/	low	left
116	https://milo.yiannopoulos.net/	milo.yiannopoulos.net	http://mediabiasfactcheck.com/milo-news/	low	right
117	http://magicvalley.com/	magicvalley.com	https://mediabiasfactcheck.com/times-news-idaho/	high	center
118	http://www.skeptic.com/	skeptic.com	http://mediabiasfactcheck.com/skeptic-magazine/	high	center
119	http://www.marketwatch.com/	marketwatch.com	http://mediabiasfactcheck.com/marketwatch/	high	center
120	http://abriluno.com/	abriluno.com	http://mediabiasfactcheck.com/abril-uno/	low	center
123	http://theduran.com/	theduran.com	http://mediabiasfactcheck.com/the-duran/	low	right
124	https://www.teaparty.org/	teaparty.org	http://mediabiasfactcheck.com/tea-party-inc/	low	right
125	http://www.frc.org	frc.org	http://mediabiasfactcheck.com/family-research-council/	low	right
127	http://retractionwatch.com/	retractionwatch.com	http://mediabiasfactcheck.com/retraction-watch/	high	center
129	https://photographyisnotacrime.com/	photographyisnotacrime.com	http://mediabiasfactcheck.com/pinac/	high	left
130	http://babylonbee.com/	babylonbee.com	http://mediabiasfactcheck.com/babylon-bee/	low	center
131	http://www.polygraph.info/	polygraph.info	http://mediabiasfactcheck.com/polygraph-info/	high	center
132	http://conservativebyte.com	conservativebyte.com	https://mediabiasfactcheck.com/conservative-byte/	low	right
133	https://fas.org/	fas.org	http://mediabiasfactcheck.com/federation-of-american-scientists-fas/	high	center
136	http://www.nwitimes.com	nwitimes.com	https://mediabiasfactcheck.com/northwest-indiana-times/	high	center
137	http://www.morningstaronline.co.uk/	morningstaronline.co.uk	http://mediabiasfactcheck.com/the-morning-star/	high	left
138	https://www.climaterealityproject.org/	climaterealityproject.org	http://mediabiasfactcheck.com/the-climate-reality-project/	high	left
139	http://theproudliberal.org/	theproudliberal.org	http://mediabiasfactcheck.com/the-proud-liberal/	low	left
140	https://www.nccivitas.org/	nccivitas.org	https://mediabiasfactcheck.com/civitas-institute/	mixed	right
141	http://www.vox.com/	vox.com	http://mediabiasfactcheck.com/vox/	high	left
142	http://freedumjunkshun.com/	freedumjunkshun.com	https://mediabiasfactcheck.com/freedum-junkshun/	low	center
144	http://www.lgbtqnation.com/	lgbtqnation.com	http://mediabiasfactcheck.com/lgbtq-nation/	high	left
145	http://www.beaware.one	beaware.one	https://mediabiasfactcheck.com/beaware/	low	right
146	http://liberalsociety.com/	liberalsociety.com	http://mediabiasfactcheck.com/liberal-society/	low	left
148	http://santamariatimes.com	santamariatimes.com	https://mediabiasfactcheck.com/santa-maria-times/	high	center
150	https://bluntforcetruth.com	bluntforcetruth.com	https://mediabiasfactcheck.com/blunt-force-truth/	low	right
152	https://www.desmogblog.com/	desmogblog.com	http://mediabiasfactcheck.com/desmog/	high	left
153	https://niskanencenter.org	niskanencenter.org	https://mediabiasfactcheck.com/niskanen-center/	high	center
154	https://www.scientificamerican.com/	scientificamerican.com	http://mediabiasfactcheck.com/scientific-american/	high	center
155	https://www.greenleft.org.au	greenleft.org.au	https://mediabiasfactcheck.com/green-left-weekly/	mixed	left
157	http://www.pravdareport.com/	pravdareport.com	http://mediabiasfactcheck.com/pravda-report/	mixed	left
160	http://www.mirror.co.uk/	mirror.co.uk	http://mediabiasfactcheck.com/daily-mirror/	mixed	left
161	http://americablog.com/	americablog.com	http://mediabiasfactcheck.com/americablog/	high	left
162	http://bb4sp.com/	bb4sp.com	http://mediabiasfactcheck.com/bb4sp/	low	right
163	http://firstinfreedomdaily.com/	firstinfreedomdaily.com	https://mediabiasfactcheck.com/first-freedom-daily/	mixed	right
165	http://www.americanpatriotdaily.com/	americanpatriotdaily.com	http://mediabiasfactcheck.com/american-patriot-daily/	low	right
168	http://www.tribunemagazine.org/	tribunemagazine.org	http://mediabiasfactcheck.com/tribune-magazine-uk/	high	left
169	http://www.dailywire.com/	dailywire.com	http://mediabiasfactcheck.com/the-daily-wire/	mixed	right
170	http://bismarcktribune.com	bismarcktribune.com	https://mediabiasfactcheck.com/bismarck-tribune/	high	center
171	http://researchantisemitism.ca	researchantisemitism.ca	https://mediabiasfactcheck.com/centre-for-research-of-radicalism-and-national-security-crrns/	low	right
172	http://www.occupydemocrats.com	occupydemocrats.com	http://mediabiasfactcheck.com/occupy-democrats/	low	left
173	https://www.thedailyvox.co.za/	thedailyvox.co.za	http://mediabiasfactcheck.com/the-daily-vox/	high	left
174	http://www.newbernsj.com/	newbernsj.com	http://mediabiasfactcheck.com/new-bern-sun-journal/	high	center
175	http://verafiles.org	verafiles.org	https://mediabiasfactcheck.com/vera-files/	high	center
176	http://www.afa.net/	afa.net	http://mediabiasfactcheck.com/american-family-association/	low	right
177	http://freedomcrossroads.com/	freedomcrossroads.com	https://mediabiasfactcheck.com/freedom-crossroads/	mixed	right
178	https://www.noozhawk.com/	noozhawk.com	https://mediabiasfactcheck.com/noozhawk/	high	center
179	https://www.dailydems.com/	dailydems.com	https://mediabiasfactcheck.com/daily-dems/	mixed	left
180	http://www.crisismagazine.com/	crisismagazine.com	https://mediabiasfactcheck.com/crisis-magazine/	mixed	right
181	http://www.thenewsliteracyproject.org/	thenewsliteracyproject.org	https://mediabiasfactcheck.com/news-literacy-project/	high	center
182	http://www.wral.com/	wral.com	http://mediabiasfactcheck.com/wral/	high	center
183	https://thesternfacts.com/	thesternfacts.com	https://mediabiasfactcheck.com/the-stern-facts/	mixed	left
184	http://truthinmedia.com/	truthinmedia.com	http://mediabiasfactcheck.com/truth-in-media/	low	right
185	http://kff.org/	kff.org	http://mediabiasfactcheck.com/kaiser-family-foundation/	high	center
186	https://rightwingnews.com/	rightwingnews.com	http://mediabiasfactcheck.com/right-wing-news/	low	right
187	http://mediashift.org/	mediashift.org	https://mediabiasfactcheck.com/mediashift/	high	center
188	https://www.thebalance.com	thebalance.com	https://mediabiasfactcheck.com/the-balance/	high	center
189	http://www.christianpost.com/	christianpost.com	http://mediabiasfactcheck.com/christian-post/	mixed	right
190	http://pogo.org/	pogo.org	http://mediabiasfactcheck.com/project-on-government-oversight/	high	center
191	http://www.newswithviews.com/	newswithviews.com	http://mediabiasfactcheck.com/news-with-views/	low	right
193	https://www.thepublicdiscourse.com/	thepublicdiscourse.com	https://mediabiasfactcheck.com/witherspoon-institute/	low	right
197	http://www.dailyprogress.com	dailyprogress.com	https://mediabiasfactcheck.com/the-daily-progress/	high	center
198	http://libcom.org	libcom.org	https://mediabiasfactcheck.com/libcom-org/	high	left
201	http://www.renewamerica.com	renewamerica.com	https://mediabiasfactcheck.com/renew-america/	low	right
202	http://www.eurasiagroup.net/	eurasiagroup.net	http://mediabiasfactcheck.com/eurasia-group/	high	center
203	http://www.shtfplan.com/	shtfplan.com	http://mediabiasfactcheck.com/shtfplan-com/	low	right
204	http://www.weeklystandard.com/	weeklystandard.com	http://mediabiasfactcheck.com/weekly-standard/	high	right
205	http://joeforamerica.com	joeforamerica.com	https://mediabiasfactcheck.com/joe-for-america/	low	right
207	https://news.cgtn.com	news.cgtn.com	https://mediabiasfactcheck.com/china-global-television-network-cgtn/	high	center
210	https://newsbreakshere.com/	newsbreakshere.com	http://mediabiasfactcheck.com/newsbreakshere/	low	right
212	https://70news.wordpress.com/	70news.wordpress.com	https://mediabiasfactcheck.com/70-news/	low	right
213	http://www.poynter.org/	poynter.org	http://mediabiasfactcheck.com/poynter-institute/	high	center
214	http://www.addictinginfo.org/	addictinginfo.org	http://mediabiasfactcheck.com/addicting-info/	mixed	left
215	http://www.surenews.com/	surenews.com	http://mediabiasfactcheck.com/sure-news/	low	right
216	http://www.janes.com/	janes.com	http://mediabiasfactcheck.com/ihs-janes-360/	high	center
217	https://www.nova-magazine.net	nova-magazine.net	https://mediabiasfactcheck.com/nova-magazine/	mixed	left
219	http://usaconservativereport.com	usaconservativereport.com	https://mediabiasfactcheck.com/usa-conservative-report/	low	right
220	http://www.express.co.uk/	express.co.uk	http://mediabiasfactcheck.com/daily-express/	high	right
223	http://iwf.org/	iwf.org	https://mediabiasfactcheck.com/independent-womens-forum-iwf/	high	right
225	http://www.ips-dc.org	ips-dc.org	https://mediabiasfactcheck.com/institute-policy-studies/	high	left
226	http://www.heritage.org/	heritage.org	http://mediabiasfactcheck.com/heritage-foundation/	mixed	right
227	http://www.americanheritage.com	americanheritage.com	https://mediabiasfactcheck.com/american-heritage/	high	center
229	http://www.phnompenhpost.com/	phnompenhpost.com	http://mediabiasfactcheck.com/the-phnom-penh-post/	high	center
231	https://redice.tv/	redice.tv	https://mediabiasfactcheck.com/red-ice-tv/	low	right
233	http://www.newsmax.com/	newsmax.com	http://mediabiasfactcheck.com/newsmax/	mixed	right
235	http://www.thepostemail.com/	thepostemail.com	http://mediabiasfactcheck.com/the-post-email/	mixed	right
236	http://www.swedishwire.com/	swedishwire.com	http://mediabiasfactcheck.com/the-swedish-wire/	high	center
241	http://www.pgpf.org/	pgpf.org	http://mediabiasfactcheck.com/peterson-foundation/	high	center
242	http://realnewsrightnow.com/	realnewsrightnow.com	http://mediabiasfactcheck.com/real-news-right-now/	low	center
243	http://progresstribune.com/	progresstribune.com	http://mediabiasfactcheck.com/progress-tribune/	low	left
248	http://www.truth-out.org/	truth-out.org	http://mediabiasfactcheck.com/truth-out/	mixed	left
249	https://ffrf.org/	ffrf.org	https://mediabiasfactcheck.com/freedom-religion-foundation-ffrf/	high	center
250	http://www.vermontindependent.org/	vermontindependent.org	https://mediabiasfactcheck.com/vermont-independent/	mixed	left
251	http://rapidcityjournal.com	rapidcityjournal.com	https://mediabiasfactcheck.com/rapid-city-journal/	high	center
252	http://www.theonion.com/	theonion.com	http://mediabiasfactcheck.com/the-onion/	low	center
254	http://www.ledevoir.com/	ledevoir.com	https://mediabiasfactcheck.com/le-devoir/	high	center
255	http://auburnpub.com/	auburnpub.com	https://mediabiasfactcheck.com/the-auburn-citizen/	high	center
256	https://quadrant.org.au	quadrant.org.au	https://mediabiasfactcheck.com/quadrant-magazine/	mixed	right
257	https://patribotics.blog/	patribotics.blog	https://mediabiasfactcheck.com/patribotics-blog/	low	right
258	http://mbganews.com/	mbganews.com	https://mediabiasfactcheck.com/mbga-make-britain-great/	low	right
259	http://politifeed.net	politifeed.net	https://mediabiasfactcheck.com/politifeed/	mixed	right
261	https://itsgoingdown.org/	itsgoingdown.org	https://mediabiasfactcheck.com/its-going-down/	mixed	left
262	http://republicanssucks.org	republicanssucks.org	https://mediabiasfactcheck.com/republicans-suck/	mixed	left
264	https://antifascistnews.net/	antifascistnews.net	https://mediabiasfactcheck.com/anti-fascist-news/	high	left
266	http://dailysignal.com/	dailysignal.com	http://mediabiasfactcheck.com/daily-signal/	mixed	right
270	https://techxplore.com/	techxplore.com	http://mediabiasfactcheck.com/techxplore/	high	center
271	http://www.dailyrecord.com/	dailyrecord.com	http://mediabiasfactcheck.com/daily-record/	high	center
272	http://www.vivaliberty.com/	vivaliberty.com	http://mediabiasfactcheck.com/vivaliberty/	mixed	right
274	http://www.scotusblog.com/	scotusblog.com	http://mediabiasfactcheck.com/scotusblog/	high	center
277	http://www.680news.com/	680news.com	https://mediabiasfactcheck.com/680-news/	high	center
278	http://jezebel.com/	jezebel.com	http://mediabiasfactcheck.com/jezebel/	mixed	left
279	http://www.takepart.com/	takepart.com	http://mediabiasfactcheck.com/takepart/	high	left
280	http://nautil.us/	nautil.us	http://mediabiasfactcheck.com/nautilus-magazine/	high	center
282	http://crimeresearch.org/	crimeresearch.org	http://mediabiasfactcheck.com/crime-prevention-research-center/	mixed	right
284	http://www.euronews.com/	euronews.com	http://mediabiasfactcheck.com/euronews/	high	center
286	http://toprightnews.com	toprightnews.com	https://mediabiasfactcheck.com/top-right-news/	low	right
288	https://altoday.com/	altoday.com	https://mediabiasfactcheck.com/alabama-today/	high	center
290	https://conservativemedia.com/	conservativemedia.com	https://mediabiasfactcheck.com/conservative-media/	low	right
291	http://www.newsbiscuit.com/	newsbiscuit.com	http://mediabiasfactcheck.com/news-biscuit/	low	center
292	http://www.news24.com/	news24.com	http://mediabiasfactcheck.com/news24-south-africa/	high	center
294	https://www.thelondoneconomic.com	thelondoneconomic.com	https://mediabiasfactcheck.com/the-london-economic/	mixed	left
295	http://www.ebar.com/	ebar.com	http://mediabiasfactcheck.com/bay-area-reporter/	high	left
296	http://consmovement.com/	consmovement.com	https://mediabiasfactcheck.com/conservative-movement/	low	right
297	http://www.youngcons.com/	youngcons.com	http://mediabiasfactcheck.com/young-conservatives/	mixed	right
298	http://reverbpress.com/	reverbpress.com	http://mediabiasfactcheck.com/reverb-press/	mixed	left
299	http://www.therebel.media/	therebel.media	http://mediabiasfactcheck.com/the-rebel/	mixed	right
301	https://thelapine.ca/	thelapine.ca	http://mediabiasfactcheck.com/the-lapine/	low	center
302	http://newpol.org/	newpol.org	http://mediabiasfactcheck.com/new-politics-magazine/	high	left
303	http://www.economist.com/	economist.com	http://mediabiasfactcheck.com/the-economist/	high	center
304	https://newrepublic.com/	newrepublic.com	http://mediabiasfactcheck.com/new-republic/	high	left
305	https://www.lifesitenews.com/	lifesitenews.com	http://mediabiasfactcheck.com/life-site-news/	mixed	right
306	https://www.nextbigfuture.com	nextbigfuture.com	https://mediabiasfactcheck.com/next-big-future/	high	center
307	http://www.politifact.com/	politifact.com	http://mediabiasfactcheck.com/politifact/	high	center
308	http://tennesseestar.com/	tennesseestar.com	https://mediabiasfactcheck.com/the-tennessee-star/	high	right
310	http://sbgi.net/	sbgi.net	https://mediabiasfactcheck.com/sinclair-broadcast-group/	mixed	right
311	https://thefloridasqueeze.com/	thefloridasqueeze.com	https://mediabiasfactcheck.com/the-florida-squeeze/	mixed	left
312	http://www.countercurrents.org/	countercurrents.org	http://mediabiasfactcheck.com/countercurrents-org/	high	left
315	http://www.loonwatch.com/	loonwatch.com	http://mediabiasfactcheck.com/loonwatch/	low	left
317	http://everydayfeminism.com/	everydayfeminism.com	http://mediabiasfactcheck.com/everyday-feminism/	high	left
318	https://www.weforum.org/	weforum.org	https://mediabiasfactcheck.com/world-economic-forum/	high	center
319	https://www.thereligionofpeace.com/	thereligionofpeace.com	https://mediabiasfactcheck.com/the-religion-of-peace/	low	right
320	https://voiceofeurope.com/	voiceofeurope.com	https://mediabiasfactcheck.com/voice-of-europe/	low	right
322	http://legalinsurrection.com/	legalinsurrection.com	http://mediabiasfactcheck.com/legal-insurrection/	mixed	right
323	http://poststar.com	poststar.com	https://mediabiasfactcheck.com/the-post-star/	high	center
325	http://www.nationalcenter.org/	nationalcenter.org	https://mediabiasfactcheck.com/national-center-public-policy-research-ncppr/	mixed	right
326	http://bluenationreview.com/	bluenationreview.com	http://mediabiasfactcheck.com/blue-nation-review/	mixed	left
330	http://www.hoggwatch.com	hoggwatch.com	https://mediabiasfactcheck.com/hogg-watch/	low	right
335	https://yesimright.com/	yesimright.com	http://mediabiasfactcheck.com/yes-im-right/	low	right
336	http://vidmax.com/	vidmax.com	http://mediabiasfactcheck.com/vidmax-2/	low	right
337	https://world.wng.org/	world.wng.org	http://mediabiasfactcheck.com/world-magazine/	mixed	right
338	https://www.thecipherbrief.com/	thecipherbrief.com	https://mediabiasfactcheck.com/the-cipher-brief/	high	center
339	http://www.codepink.org/	codepink.org	https://mediabiasfactcheck.com/code-pink/	mixed	left
340	https://www.leftscoop.com/	leftscoop.com	http://mediabiasfactcheck.com/leftscoop/	mixed	left
342	http://ipatriot.com	ipatriot.com	https://mediabiasfactcheck.com/ipatriot/	mixed	right
344	https://studionewsnetwork.com	studionewsnetwork.com	https://mediabiasfactcheck.com/studio-news-network/	low	right
345	http://www.mcall.com	mcall.com	https://mediabiasfactcheck.com/the-morning-call/	high	center
346	http://conservativetribune.com/	conservativetribune.com	http://mediabiasfactcheck.com/conservative-tribune/	low	right
347	http://www.dailysabah.com/	dailysabah.com	http://mediabiasfactcheck.com/daily-sabah/	mixed	right
349	http://newsthump.com/	newsthump.com	http://mediabiasfactcheck.com/news-thump/	low	center
350	https://bullshitnews.org/	bullshitnews.org	https://mediabiasfactcheck.com/bullshit-news/	low	center
351	https://ncse.com/	ncse.com	http://mediabiasfactcheck.com/national-center-for-science-education-ncse/	high	center
352	https://renewedright.com	renewedright.com	https://mediabiasfactcheck.com/renewedright-com/	mixed	right
353	https://www.transparency.org/	transparency.org	http://mediabiasfactcheck.com/transparency-international/	high	center
354	https://www.adaa.org/	adaa.org	http://mediabiasfactcheck.com/anxiety-and-depression-association-of-america-adaa/	high	center
355	http://www.alternet.org/	alternet.org	http://mediabiasfactcheck.com/alternet/	mixed	left
356	http://www.puppetstringnews.com/	puppetstringnews.com	https://mediabiasfactcheck.com/puppet-string-news/	low	right
359	http://www.progressivestoday.com/	progressivestoday.com	http://mediabiasfactcheck.com/progressives-today/	low	right
360	http://projectcensored.org/	projectcensored.org	https://mediabiasfactcheck.com/project-censored/	high	left
363	http://www.dailysquib.co.uk/	dailysquib.co.uk	https://mediabiasfactcheck.com/the-daily-squib/	low	center
364	http://www.citypaper.com/	citypaper.com	https://mediabiasfactcheck.com/baltimore-city-paper/	mixed	left
365	https://www.jihadwatch.org/	jihadwatch.org	http://mediabiasfactcheck.com/jihad-watch/	low	right
366	http://thepeoplestruth.com/	thepeoplestruth.com	https://mediabiasfactcheck.com/the-peoples-truth/	low	right
367	http://www.financialexpress.com/	financialexpress.com	http://mediabiasfactcheck.com/financial-express/	high	center
368	https://conservativedailypost.com/	conservativedailypost.com	http://mediabiasfactcheck.com/conservative-daily-post/	low	right
369	http://www.smirkingchimp.com/	smirkingchimp.com	https://mediabiasfactcheck.com/smirking-chimp/	high	left
371	http://truthbetold.news/	truthbetold.news	http://mediabiasfactcheck.com/truth-be-told/	high	center
372	http://thepeoplescube.com	thepeoplescube.com	https://mediabiasfactcheck.com/the-peoples-cube/	low	center
373	http://patrioticviralnews.com/	patrioticviralnews.com	http://mediabiasfactcheck.com/patriotic-viral-news/	low	right
374	http://www.thenewcivilrightsmovement.com/	thenewcivilrightsmovement.com	http://mediabiasfactcheck.com/the-new-civil-rights-movement/	mixed	left
375	http://www.bipartisanreport.com/	bipartisanreport.com	http://mediabiasfactcheck.com/bipartisan-report/	low	left
376	http://www.viralthread.com/	viralthread.com	https://mediabiasfactcheck.com/viral-thread/	mixed	center
377	https://concernedwomen.org/blog/	concernedwomen.org-blog	https://mediabiasfactcheck.com/concerned-women-america/	low	right
378	http://thehardtimes.net/	thehardtimes.net	http://mediabiasfactcheck.com/the-hard-times/	low	center
379	http://trib.com	trib.com	https://mediabiasfactcheck.com/casper-star-tribune/	high	center
380	https://ntknetwork.com	ntknetwork.com	https://mediabiasfactcheck.com/ntk-network/	mixed	right
381	http://www.thatsnonsense.com/	thatsnonsense.com	http://mediabiasfactcheck.com/thats-nonsense/	high	center
383	http://www.telesurtv.net/english/	telesurtv.net-english	http://mediabiasfactcheck.com/telesur/	mixed	left
386	https://judicialnetwork.com/	judicialnetwork.com	http://mediabiasfactcheck.com/judicial-crisis-network/	mixed	right
387	http://www.dailykos.com/	dailykos.com	http://mediabiasfactcheck.com/daily-kos/	mixed	left
388	http://speisa.com/	speisa.com	https://mediabiasfactcheck.com/speisa/	low	right
391	http://outlook.monmouth.edu/	outlook.monmouth.edu	http://mediabiasfactcheck.com/the-outlook-monmouth-university/	high	center
392	https://aclj.org/	aclj.org	https://mediabiasfactcheck.com/american-center-law-justice-aclj/	mixed	right
394	https://tytnetwork.com/	tytnetwork.com	http://mediabiasfactcheck.com/the-young-turks/	high	left
395	https://www.geneticliteracyproject.org/	geneticliteracyproject.org	http://mediabiasfactcheck.com/genetic-literacy-project/	high	center
396	https://nowthisnews.com/	nowthisnews.com	http://mediabiasfactcheck.com/nowthis-news/	mixed	left
397	http://www.againstcronycapitalism.org/	againstcronycapitalism.org	http://mediabiasfactcheck.com/against-crony-capitialism/	mixed	right
398	http://gotnews.com/	gotnews.com	https://mediabiasfactcheck.com/gotnews/	low	right
399	http://other98.com/	other98.com	http://mediabiasfactcheck.com/the-other-98/	mixed	left
400	http://thinkprogress.org/	thinkprogress.org	http://mediabiasfactcheck.com/think-progress/	mixed	left
401	http://personalliberty.com/	personalliberty.com	http://mediabiasfactcheck.com/personal-liberty/	low	right
403	http://www.trumpservativenews.info	trumpservativenews.info	https://mediabiasfactcheck.com/trumpservative-news/	low	right
404	http://viraldevil.com	viraldevil.com	http://mediabiasfactcheck.com/viral-devil/	low	center
406	http://www.bizpacreview.com/	bizpacreview.com	http://mediabiasfactcheck.com/bizpac-review/	mixed	right
407	http://www.usatoday.com/	usatoday.com	http://mediabiasfactcheck.com/usa-today-2/	high	center
408	https://thehornnews.com/	thehornnews.com	http://mediabiasfactcheck.com/the-horn-news/	low	right
410	http://www.focusonthefamily.com/	focusonthefamily.com	http://mediabiasfactcheck.com/focus-on-the-family/	low	right
412	http://rightalerts.com/	rightalerts.com	https://mediabiasfactcheck.com/right-alerts/	low	right
413	http://www.allthatsfab.com/	allthatsfab.com	http://mediabiasfactcheck.com/all-thats-fab/	mixed	left
414	http://www.globetoday.com/	globetoday.com	https://mediabiasfactcheck.com/globe-today/	mixed	left
416	http://prospect.org/	prospect.org	http://mediabiasfactcheck.com/the-american-prospect/	high	left
417	http://www.fairus.org/	fairus.org	http://mediabiasfactcheck.com/the-federation-for-american-immigration-reform-fair/	low	right
418	http://www.judicialwatch.org/	judicialwatch.org	http://mediabiasfactcheck.com/judicial-watch/	mixed	right
421	http://deepstatenation.com	deepstatenation.com	https://mediabiasfactcheck.com/deepstatenation-com/	mixed	left
422	http://ir.net/	ir.net	https://mediabiasfactcheck.com/independent-reporter-ir-net/	mixed	left
423	http://elitedaily.com/	elitedaily.com	http://mediabiasfactcheck.com/elite-daily/	mixed	left
424	http://www.chroniclesofdemocracy.com/	chroniclesofdemocracy.com	http://mediabiasfactcheck.com/chronicles-of-democracy/	high	left
425	http://mtstandard.com	mtstandard.com	https://mediabiasfactcheck.com/montana-standard/	high	center
426	http://www.esquire.com/	esquire.com	http://mediabiasfactcheck.com/esquire-magazine/	high	left
427	http://takimag.com/	takimag.com	https://mediabiasfactcheck.com/takis-magazine/	low	right
428	https://squawker.org/	squawker.org	https://mediabiasfactcheck.com/squawker/	low	right
429	https://www.americanewshub.com	americanewshub.com	https://mediabiasfactcheck.com/american-news-hub/	mixed	right
431	http://www.carbonated.tv/	carbonated.tv	http://mediabiasfactcheck.com/carbonated-tv/	high	left
432	http://pmnightlynews.com/	pmnightlynews.com	http://mediabiasfactcheck.com/pm-nightly-news/	low	right
433	http://www.gopusa.com/	gopusa.com	https://mediabiasfactcheck.com/gopusa/	mixed	right
434	https://www.icij.org/	icij.org	http://mediabiasfactcheck.com/international-consortium-of-investigative-journalists/	high	center
436	https://newint.org/	newint.org	http://mediabiasfactcheck.com/new-internationalist/	high	left
439	https://www.consumerreports.org	consumerreports.org	https://mediabiasfactcheck.com/consumer-reports/	high	center
440	http://trueviralnews.com/	trueviralnews.com	https://mediabiasfactcheck.com/true-viral-news/	high	center
441	http://politicalsitenews.com	politicalsitenews.com	https://mediabiasfactcheck.com/political-site-news/	low	right
442	http://www.dailymail.co.uk/ushome/index.html	dailymail.co.uk	http://mediabiasfactcheck.com/daily-mail/	mixed	right
444	https://www.recode.net/	recode.net	https://mediabiasfactcheck.com/recode/	high	center
447	https://conservativetoday.com	conservativetoday.com	https://mediabiasfactcheck.com/conservative-today/	mixed	right
449	http://www.syriana-analysis.com	syriana-analysis.com	https://mediabiasfactcheck.com/syriana-analysis/	mixed	left
450	http://www.jordantimes.com/	jordantimes.com	https://mediabiasfactcheck.com/the-jordan-times/	high	center
451	https://www.opednews.com/	opednews.com	http://mediabiasfactcheck.com/opednews-oen/	mixed	left
454	http://www.clickhole.com/	clickhole.com	http://mediabiasfactcheck.com/clickhole/	low	center
456	http://www.wnd.com/	wnd.com	http://mediabiasfactcheck.com/world-net-daily-wnd/	mixed	right
457	http://www.breitbartunmasked.com/	breitbartunmasked.com	http://mediabiasfactcheck.com/breitbart-unmasked/	mixed	left
458	http://www.geologyin.com/	geologyin.com	http://mediabiasfactcheck.com/geology-in/	high	center
459	https://www.progressiveliberal.net	progressiveliberal.net	https://mediabiasfactcheck.com/progressive-liberal/	mixed	left
460	http://www.amren.com/	amren.com	http://mediabiasfactcheck.com/american-renaissance-magazine/	low	right
461	http://act.tv	act.tv	https://mediabiasfactcheck.com/act-tv/	high	left
462	http://www.wionews.com/	wionews.com	https://mediabiasfactcheck.com/wion-world-one-news/	mixed	center
464	https://www.adflegal.org/	adflegal.org	https://mediabiasfactcheck.com/alliance-defending-freedom/	low	right
466	https://www.getreligion.org/	getreligion.org	https://mediabiasfactcheck.com/get-religion/	mixed	right
467	http://www.webmd.com/	webmd.com	http://mediabiasfactcheck.com/webmd/	high	center
468	https://www.chroniclesmagazine.org/	chroniclesmagazine.org	http://mediabiasfactcheck.com/chronicles-magazine-rockford/	mixed	right
469	https://www.alec.org	alec.org	https://mediabiasfactcheck.com/american-legislative-exchange-council-alec/	mixed	right
470	http://www.nzherald.co.nz	nzherald.co.nz	https://mediabiasfactcheck.com/new-zealand-herald/	high	center
471	https://thewalrus.ca/	thewalrus.ca	http://mediabiasfactcheck.com/the-walrus/	high	left
472	http://canadafreepress.com/	canadafreepress.com	http://mediabiasfactcheck.com/canada-free-press/	mixed	right
473	https://rantt.com	rantt.com	https://mediabiasfactcheck.com/rantt-media/	high	left
474	http://www.americansforprosperity.org	americansforprosperity.org	http://mediabiasfactcheck.com/americans-for-prosperity/	mixed	right
475	http://medicalxpress.com/	medicalxpress.com	http://mediabiasfactcheck.com/medicalxpress/	high	center
477	https://www.courthousenews.com	courthousenews.com	https://mediabiasfactcheck.com/courthouse-news-service/	high	center
479	https://www.aei.org/	aei.org	http://mediabiasfactcheck.com/american-enterprise-institute/	mixed	right
482	https://www.10news.one/	10news.one	https://mediabiasfactcheck.com/10news-one/	low	right
483	http://www.tmn.today/	tmn.today	http://mediabiasfactcheck.com/tell-me-now/	low	right
486	http://littlegreenfootballs.com/	littlegreenfootballs.com	http://mediabiasfactcheck.com/little-green-footballs/	mixed	left
487	https://www.acpeds.org/	acpeds.org	http://mediabiasfactcheck.com/american-college-of-pediatricians/	low	right
488	https://o4anews.com/	o4anews.com	http://mediabiasfactcheck.com/overpasses-for-america/	low	right
491	http://therightstuff.biz/	therightstuff.biz	http://mediabiasfactcheck.com/the-right-stuff/	low	right
492	https://understandrealitythroughscience.blogspot.com/	understandrealitythroughscience.blogspot.com	http://mediabiasfactcheck.com/understand-reality-through-science/	high	center
493	http://tribunist.com/	tribunist.com	http://mediabiasfactcheck.com/tribunist/	mixed	right
494	http://worldnewsdailyreport.com/	worldnewsdailyreport.com	https://mediabiasfactcheck.com/world-news-daily/	low	center
495	http://economyincrisis.org/	economyincrisis.org	http://mediabiasfactcheck.com/economy-in-crisis/	mixed	left
496	http://realtimepolitics.com/	realtimepolitics.com	http://mediabiasfactcheck.com/real-time-politics/	low	left
497	http://en-volve.com/	en-volve.com	http://mediabiasfactcheck.com/en-volve/	low	right
498	http://timesofindia.indiatimes.com/	timesofindia.indiatimes.com	http://mediabiasfactcheck.com/times-of-india/	high	center
499	http://www.memeorandum.com/	memeorandum.com	https://mediabiasfactcheck.com/memeorandum/	mixed	center
500	http://www.dailypresser.com/	dailypresser.com	https://mediabiasfactcheck.com/daily-presser/	low	right
501	http://indiatoday.intoday.in/	indiatoday.intoday.in	https://mediabiasfactcheck.com/india-today/	high	center
502	https://www.fairobserver.com	fairobserver.com	https://mediabiasfactcheck.com/fair-observer/	high	center
505	http://www.hillarybeattrump.org/	hillarybeattrump.org	http://mediabiasfactcheck.com/hillary-beat-trump/	low	center
506	http://therightscoop.com/	therightscoop.com	http://mediabiasfactcheck.com/the-right-scoop/	high	right
507	http://www.vdare.com/	vdare.com	http://mediabiasfactcheck.com/vdare/	low	right
508	http://dailyworldinformation.com	dailyworldinformation.com	https://mediabiasfactcheck.com/daily-world-information/	low	right
509	http://freedomsfinalstand.com/	freedomsfinalstand.com	http://mediabiasfactcheck.com/freedoms-final-stand/	low	right
511	https://stubhillnews.com/	stubhillnews.com	http://mediabiasfactcheck.com/stubhill-news/	low	center
512	http://www.exposinggovernment.com	exposinggovernment.com	https://mediabiasfactcheck.com/exposing-government/	low	right
515	http://www.castanet.net/	castanet.net	http://mediabiasfactcheck.com/castanet/	high	center
516	http://londonwebnews.com/	londonwebnews.com	https://mediabiasfactcheck.com/london-web-news/	low	left
517	http://www.thewhim.com/	thewhim.com	http://mediabiasfactcheck.com/the-whim/	high	center
518	http://www.newstatesman.com/	newstatesman.com	http://mediabiasfactcheck.com/new-statesman/	high	left
521	https://www.ff.org	ff.org	https://mediabiasfactcheck.com/frontiers-of-freedom/	mixed	right
522	http://thetruthdivision.com/	thetruthdivision.com	http://mediabiasfactcheck.com/the-truth-division/	low	right
523	http://humanevents.com/	humanevents.com	http://mediabiasfactcheck.com/human-events/	mixed	right
524	https://newromantimes.com/	newromantimes.com	http://mediabiasfactcheck.com/new-roman-times/	low	center
527	http://libertyunyielding.com/	libertyunyielding.com	http://mediabiasfactcheck.com/liberty-unyielding/	mixed	right
528	http://www.chinadaily.com.cn/	chinadaily.com.cn	http://mediabiasfactcheck.com/china-daily/	high	center
531	https://www.speakgov.com/	speakgov.com	https://mediabiasfactcheck.com/speakgov-com/	low	right
532	http://ladylibertysnews.com/	ladylibertysnews.com	http://mediabiasfactcheck.com/lady-liberty-news/	low	right
533	http://www.foxnews.com/	foxnews.com	http://mediabiasfactcheck.com/fox-news/	mixed	right
534	https://www.verywell.com	verywell.com	https://mediabiasfactcheck.com/verywell/	high	center
538	http://crooksandliars.com/	crooksandliars.com	http://mediabiasfactcheck.com/crooks-and-liars/	mixed	left
539	https://leadstories.com/	leadstories.com	https://mediabiasfactcheck.com/lead-stories/	high	center
540	http://shareblue.com/	shareblue.com	http://mediabiasfactcheck.com/shareblue/	mixed	left
541	https://deadspin.com/	deadspin.com	https://mediabiasfactcheck.com/deadspin/	high	left
543	http://conservativepost.com/	conservativepost.com	http://mediabiasfactcheck.com/conservative-post/	low	right
544	https://clarionproject.org/	clarionproject.org	http://mediabiasfactcheck.com/clarion-project/	low	right
545	http://napavalleyregister.com	napavalleyregister.com	https://mediabiasfactcheck.com/napa-valley-register/	high	center
546	https://www.heartland.org/	heartland.org	http://mediabiasfactcheck.com/heartland-institute/	mixed	right
548	http://www.callthecops.net/	callthecops.net	http://mediabiasfactcheck.com/call-the-cops/	low	center
549	http://truthuncensored.net/	truthuncensored.net	https://mediabiasfactcheck.com/truth-uncensored/	low	right
550	http://www.popularmechanics.com/	popularmechanics.com	http://mediabiasfactcheck.com/popular-mechanics/	high	center
552	http://www.truthdig.com/	truthdig.com	http://mediabiasfactcheck.com/truthdig/	high	left
553	https://adobochronicles.com/	adobochronicles.com	http://mediabiasfactcheck.com/the-adobo-chronicles/	low	center
555	http://thehayride.com/	thehayride.com	https://mediabiasfactcheck.com/the-hayride/	high	right
557	https://herald-review.com	herald-review.com	https://mediabiasfactcheck.com/herald-review-illinois/	high	center
561	https://dailyworldupdate.us	dailyworldupdate.us	https://mediabiasfactcheck.com/daily-world-update/	low	center
562	https://tdn.com	tdn.com	https://mediabiasfactcheck.com/the-daily-news-longview/	high	center
563	http://www.skyandtelescope.com/	skyandtelescope.com	http://mediabiasfactcheck.com/sky-and-telescope/	high	center
564	http://frankmag.ca	frankmag.ca	https://mediabiasfactcheck.com/frank-mag/	low	center
565	https://www.ire.org/	ire.org	http://mediabiasfactcheck.com/investigative-reporters-and-editors/	high	center
566	http://www.thedailybeast.com/	thedailybeast.com	http://mediabiasfactcheck.com/daily-beast/	high	left
568	http://progressivearmy.com	progressivearmy.com	https://mediabiasfactcheck.com/progressive-army/	high	left
569	http://democraticmoms.com/	democraticmoms.com	http://mediabiasfactcheck.com/democratic-moms/	low	left
570	http://themoderatevoice.com/	themoderatevoice.com	http://mediabiasfactcheck.com/the-moderate-voice/	high	center
572	http://www.rockcitytimes.com/	rockcitytimes.com	http://mediabiasfactcheck.com/rock-city-times/	low	center
573	http://en.bbarta24.net/	en.bbarta24.net	http://mediabiasfactcheck.com/bbarta24/	high	center
574	http://www.irena.org	irena.org	http://mediabiasfactcheck.com/international-renewable-energy-agency-irena/	high	center
575	http://www.advocate.com/	advocate.com	http://mediabiasfactcheck.com/advocate/	high	left
576	http://biggovernment.news/index.html	biggovernment.news	http://mediabiasfactcheck.com/big-government-news/	mixed	right
577	http://qpolitical.com/	qpolitical.com	http://mediabiasfactcheck.com/qpolitical/	low	right
578	http://www.truthrevolt.org/	truthrevolt.org	http://mediabiasfactcheck.com/truth-revolt/	low	right
579	http://www.bettergov.org/	bettergov.org	http://mediabiasfactcheck.com/better-government-association/	high	center
580	https://americanmilitarynews.com	americanmilitarynews.com	https://mediabiasfactcheck.com/american-military-news/	mixed	right
581	https://acculturated.com	acculturated.com	https://mediabiasfactcheck.com/acculturated/	high	right
582	http://freedomoutpost.com/	freedomoutpost.com	http://mediabiasfactcheck.com/freedom-outpost/	low	right
583	http://theknifemedia.com/	theknifemedia.com	https://mediabiasfactcheck.com/the-knife/	high	center
585	http://wonkette.com/	wonkette.com	http://mediabiasfactcheck.com/wonkette/	mixed	left
586	http://www.thegatewaypundit.com/	thegatewaypundit.com	http://mediabiasfactcheck.com/the-gateway-pundit/	low	right
588	http://madworldnews.com/	madworldnews.com	http://mediabiasfactcheck.com/mad-world-news/	low	right
589	http://conservativefiringline.com/	conservativefiringline.com	https://mediabiasfactcheck.com/conservative-firing-line/	low	right
590	http://politicops.com/	politicops.com	http://mediabiasfactcheck.com/newslo/	low	center
591	http://www.derfmagazine.com/	derfmagazine.com	http://mediabiasfactcheck.com/derf-magazine/	low	center
592	https://www.currentaffairs.org/	currentaffairs.org	http://mediabiasfactcheck.com/current-affairs-magazine/	high	left
593	http://defiantamerica.com/	defiantamerica.com	https://mediabiasfactcheck.com/defiant-america/	low	right
594	http://www.rollcall.com/	rollcall.com	http://mediabiasfactcheck.com/roll-call/	high	center
595	https://teddystick.com/	teddystick.com	http://mediabiasfactcheck.com/teddy-stick/	low	right
598	http://www.nationofchange.org/	nationofchange.org	http://mediabiasfactcheck.com/nation-of-change/	mixed	left
599	https://ricochet.com	ricochet.com	https://mediabiasfactcheck.com/richochet/	mixed	right
601	http://waterfordwhispersnews.com/	waterfordwhispersnews.com	http://mediabiasfactcheck.com/waterford-whispers-news/	low	center
602	http://www.aim.org/	aim.org	http://mediabiasfactcheck.com/accuracy-in-media-aim/	mixed	right
603	http://www.upi.com/	upi.com	http://mediabiasfactcheck.com/united-press-international-upi/	high	center
606	http://www.shareably.net/	shareably.net	https://mediabiasfactcheck.com/shareably/	high	center
609	http://listverse.com/	listverse.com	http://mediabiasfactcheck.com/listverse/	high	center
612	http://washingtonpress.com	washingtonpress.com	https://mediabiasfactcheck.com/washington-press/	mixed	left
613	http://news.abs-cbn.com/	news.abs-cbn.com	https://mediabiasfactcheck.com/abs-cbn-news/	high	center
614	http://www.hangthebankers.com/	hangthebankers.com	http://mediabiasfactcheck.com/hang-the-bankers/	low	right
616	http://duhprogressive.com/	duhprogressive.com	https://mediabiasfactcheck.com/duh-progressive/	low	center
618	https://www.healthline.com/	healthline.com	https://mediabiasfactcheck.com/healthline/	high	center
620	http://spectator.org/	spectator.org	http://mediabiasfactcheck.com/american-spectator/	high	right
622	http://journalstar.com/	journalstar.com	https://mediabiasfactcheck.com/lincoln-journal-star/	high	center
623	https://this.org/	this.org	http://mediabiasfactcheck.com/this-magazine/	high	left
624	https://www.ced.org/	ced.org	http://mediabiasfactcheck.com/committee-for-economic-development/	high	center
626	http://filmingcops.com/	filmingcops.com	http://mediabiasfactcheck.com/filming-cops/	high	left
627	https://stonecoldtruth.com/	stonecoldtruth.com	https://mediabiasfactcheck.com/stone-cold-truth/	low	right
628	http://spiked-online.com/	spiked-online.com	http://mediabiasfactcheck.com/spiked-magazine/	mixed	right
629	http://meanlefthook.com/	meanlefthook.com	http://mediabiasfactcheck.com/mean-left-hook/	mixed	left
630	http://dcwhispers.com/	dcwhispers.com	https://mediabiasfactcheck.com/dc-whispers/	mixed	right
631	http://www.plymouthpatriotpost.com/	plymouthpatriotpost.com	http://mediabiasfactcheck.com/plymouth-patriot-post/	low	right
632	https://extranewsfeed.com	extranewsfeed.com	https://mediabiasfactcheck.com/extranewsfeed/	mixed	left
633	http://dailycaller.com/	dailycaller.com	http://mediabiasfactcheck.com/daily-caller/	mixed	right
634	https://bitchmedia.org/	bitchmedia.org	http://mediabiasfactcheck.com/bitch-media/	high	left
635	http://www.colddeadhands.us/	colddeadhands.us	http://mediabiasfactcheck.com/cold-dead-hands/	mixed	right
637	https://remnantnewspaper.com	remnantnewspaper.com	https://mediabiasfactcheck.com/the-remnant-magazine/	low	right
638	http://guardianlv.com/	guardianlv.com	http://mediabiasfactcheck.com/guardian-liberty-voice/	high	left
639	http://unclesamsmisguidedchildren.com/	unclesamsmisguidedchildren.com	http://mediabiasfactcheck.com/uncle-sams-misguided-children/	low	right
640	https://www.thewrap.com	thewrap.com	https://mediabiasfactcheck.com/thewrap/	mixed	center
642	http://www.cnn.com/	cnn.com	http://mediabiasfactcheck.com/cnn/	mixed	left
643	https://ageofshitlords.com/	ageofshitlords.com	http://mediabiasfactcheck.com/age-of-shitlords/	low	right
644	http://undergroundjournalist.org/	undergroundjournalist.org	https://mediabiasfactcheck.com/underground-journalist/	low	left
645	http://viraltitle.com	viraltitle.com	https://mediabiasfactcheck.com/viral-title/	mixed	left
647	http://nottnews.com/	nottnews.com	https://mediabiasfactcheck.com/nottnews/	low	center
648	http://www.lifezette.com/	lifezette.com	http://mediabiasfactcheck.com/lifezette/	mixed	right
649	http://www.restoreamericanglory.com/	restoreamericanglory.com	https://mediabiasfactcheck.com/restore-american-glory/	high	right
653	http://www.pantagraph.com/	pantagraph.com	https://mediabiasfactcheck.com/the-pantagraph/	high	center
657	http://cityandstateny.com/	cityandstateny.com	http://mediabiasfactcheck.com/city-and-state-new-york/	high	center
658	http://www.teapartypatriots.org/	teapartypatriots.org	http://mediabiasfactcheck.com/tea-party-patriots/	high	right
660	http://defund.com/	defund.com	https://mediabiasfactcheck.com/defund-com/	low	right
661	http://people.com/politics/	people.com-politics	http://mediabiasfactcheck.com/people-magazine/	high	left
662	http://www.oann.com/	oann.com	http://mediabiasfactcheck.com/one-america-news-network/	mixed	right
663	https://zcomm.org/zmag/	zcomm.org-zmag	http://mediabiasfactcheck.com/z-magazine/	high	left
664	http://theblacksphere.net/	theblacksphere.net	http://mediabiasfactcheck.com/the-blacksphere-kevin-jackson/	mixed	right
665	https://stocknewsusa.com	stocknewsusa.com	http://mediabiasfactcheck.com/stock-news-usa/	high	center
671	http://www.ifyouonlynews.com/	ifyouonlynews.com	http://mediabiasfactcheck.com/if-you-only-news/	low	left
672	https://www.thenews.com.pk/	thenews.com.pk	https://mediabiasfactcheck.com/the-news-international/	high	center
673	https://www.wikitribune.com	wikitribune.com	https://mediabiasfactcheck.com/wikitribune/	high	center
674	https://www.earthmagazine.org/	earthmagazine.org	http://mediabiasfactcheck.com/earth-magazine/	high	center
676	https://www.libertynation.com	libertynation.com	https://mediabiasfactcheck.com/liberty-nation/	high	right
677	http://www.eagletribune.com/	eagletribune.com	http://mediabiasfactcheck.com/eagle-tribune/	high	center
679	http://alphanewsmn.com/	alphanewsmn.com	https://mediabiasfactcheck.com/alpha-news/	mixed	right
683	http://louderwithcrowder.com/	louderwithcrowder.com	http://mediabiasfactcheck.com/louder-with-crowder/	mixed	right
685	https://whowhatwhy.org/	whowhatwhy.org	https://mediabiasfactcheck.com/who-what-why/	mixed	left
688	https://knightstemplarinternational.com/	knightstemplarinternational.com	https://mediabiasfactcheck.com/knights-templar-international/	low	right
689	http://chronicle.su/	chronicle.su	http://mediabiasfactcheck.com/internet-chronicle/	low	center
691	https://americanlookout.com/	americanlookout.com	http://mediabiasfactcheck.com/american-lookout/	low	right
693	http://www.cnsnews.com/	cnsnews.com	http://mediabiasfactcheck.com/cns-news/	mixed	right
697	http://politicslive.net/	politicslive.net	https://mediabiasfactcheck.com/politics-live/	low	right
698	https://www.marxist.com/	marxist.com	https://mediabiasfactcheck.com/in-defence-of-marxism/	high	left
700	https://www.unwatch.org	unwatch.org	https://mediabiasfactcheck.com/un-watch/	mixed	right
701	http://townhall.com/	townhall.com	http://mediabiasfactcheck.com/townhall/	mixed	right
702	https://pjmedia.com/	pjmedia.com	http://mediabiasfactcheck.com/pj-media/	mixed	right
704	http://www.duffelblog.com/	duffelblog.com	https://mediabiasfactcheck.com/duffel-blog/	low	center
705	http://usadosenews.com/	usadosenews.com	http://mediabiasfactcheck.com/usa-dose-news/	low	right
710	http://www.mlive.com/	mlive.com	https://mediabiasfactcheck.com/mlive-michigan-booth-newspapers/	high	center
711	http://www.nationalmemo.com/	nationalmemo.com	http://mediabiasfactcheck.com/the-national-memo/	high	left
712	http://projectveritas.com/	projectveritas.com	http://mediabiasfactcheck.com/project-veritas/	mixed	right
714	http://www.govexec.com/	govexec.com	http://mediabiasfactcheck.com/government-executive/	high	center
716	http://www.thejakartapost.com/	thejakartapost.com	http://mediabiasfactcheck.com/the-jakarta-post/	high	center
717	https://conservative101.com/	conservative101.com	http://mediabiasfactcheck.com/conservative-101/	low	right
718	http://allnewspipeline.com/	allnewspipeline.com	http://mediabiasfactcheck.com/all-news-pipeline/	low	right
722	http://ibleedredwhiteblue.com/	ibleedredwhiteblue.com	https://mediabiasfactcheck.com/bleed-red-white-blue/	mixed	right
723	http://sonsoflibertymedia.com	sonsoflibertymedia.com	https://mediabiasfactcheck.com/sons-liberty-media/	low	right
725	http://www.afr.com/	afr.com	http://mediabiasfactcheck.com/the-australian-financial-review/	high	center
729	https://www.americanprogress.org/	americanprogress.org	http://mediabiasfactcheck.com/center-for-american-progress/	high	left
730	https://nationalvanguard.org/	nationalvanguard.org	https://mediabiasfactcheck.com/national-vanguard/	low	right
732	http://eaglerising.com/	eaglerising.com	http://mediabiasfactcheck.com/eagle-rising/	low	right
733	http://erlc.com/	erlc.com	https://mediabiasfactcheck.com/ethics-religious-liberty-commission-erlc/	mixed	right
734	https://www.defendevropa.org	defendevropa.org	https://mediabiasfactcheck.com/defend-europa/	low	right
735	http://www.yesmagazine.org/	yesmagazine.org	https://mediabiasfactcheck.com/yes-magazine/	high	left
736	http://stimson.org/	stimson.org	http://mediabiasfactcheck.com/stimson-center/	high	center
737	http://www.peacock-panache.com	peacock-panache.com	https://mediabiasfactcheck.com/peacock-panache/	high	left
738	http://host.madison.com/wsj/	host.madison.com-wsj	https://mediabiasfactcheck.com/wisconsin-state-journal/	high	center
740	http://uproxx.com/	uproxx.com	http://mediabiasfactcheck.com/uproxx/	high	left
742	http://wn.com/	wn.com	http://mediabiasfactcheck.com/world-news/	high	center
743	http://modernliberals.com/	modernliberals.com	http://mediabiasfactcheck.com/modern-liberals/	mixed	left
744	http://earthfirstjournal.org/	earthfirstjournal.org	http://mediabiasfactcheck.com/earth-first-journal/	mixed	left
745	http://www.libertyheadlines.com/	libertyheadlines.com	https://mediabiasfactcheck.com/liberty-headlines/	mixed	right
746	https://freetelegraph.com/	freetelegraph.com	https://mediabiasfactcheck.com/the-free-telegraph/	low	right
747	http://dandygoat.com/	dandygoat.com	http://mediabiasfactcheck.com/the-dandy-goat/	low	center
748	http://www.conservapedia.com/Main_Page	conservapedia.com-Main_Page	http://mediabiasfactcheck.com/conservapedia/	low	right
751	http://theamericanmirror.com/	theamericanmirror.com	http://mediabiasfactcheck.com/the-american-mirror/	low	right
752	https://www.jacobinmag.com/	jacobinmag.com	http://mediabiasfactcheck.com/jacobin/	high	left
753	http://www.ruthinstitute.org	ruthinstitute.org	https://mediabiasfactcheck.com/ruth-institute/	low	right
754	http://proudemocrat.com/	proudemocrat.com	http://mediabiasfactcheck.com/proud-democrat/	mixed	left
755	http://fmobserver.com/	fmobserver.com	http://mediabiasfactcheck.com/fm-observer/	low	center
756	http://www.betootaadvocate.com	betootaadvocate.com	https://mediabiasfactcheck.com/the-betoota-advocate/	low	center
757	http://www.dailyrecord.co.uk/	dailyrecord.co.uk	https://mediabiasfactcheck.com/daily-record-scotland/	mixed	left
758	http://discovermagazine.com/	discovermagazine.com	http://mediabiasfactcheck.com/discover-magazine/	high	center
759	http://talkingpointsmemo.com/	talkingpointsmemo.com	http://mediabiasfactcheck.com/talking-points-memo/	high	left
761	https://americanconsequences.com	americanconsequences.com	https://mediabiasfactcheck.com/american-consequences/	mixed	right
762	http://sonorannews.com/	sonorannews.com	https://mediabiasfactcheck.com/sonoran-news/	mixed	right
763	http://mentalfloss.com/	mentalfloss.com	http://mediabiasfactcheck.com/mental-floss/	high	center
765	http://www.informationliberation.com/	informationliberation.com	http://mediabiasfactcheck.com/information-liberation/	low	right
767	https://www.autostraddle.com/	autostraddle.com	https://mediabiasfactcheck.com/autostraddle/	high	left
770	https://bearingarms.com/	bearingarms.com	https://mediabiasfactcheck.com/bearing-arms/	mixed	right
771	http://americantruthseekers.com	americantruthseekers.com	https://mediabiasfactcheck.com/american-truth-seekers/	low	right
772	http://themillenniumreport.com	themillenniumreport.com	https://mediabiasfactcheck.com/the-millennium-report/	low	right
773	http://knoxreport.com/	knoxreport.com	http://mediabiasfactcheck.com/knox-report/	mixed	right
774	http://huzlers.com/	huzlers.com	https://mediabiasfactcheck.com/huzlers/	low	center
775	https://mediaequalizer.com/	mediaequalizer.com	https://mediabiasfactcheck.com/media-equalizer/	mixed	right
776	http://www.thecanary.co/	thecanary.co	http://mediabiasfactcheck.com/the-canary-uk/	high	left
777	http://www.westernjournalism.com/	westernjournalism.com	http://mediabiasfactcheck.com/western-journalism/	mixed	right
778	http://www.workers.org/	workers.org	https://mediabiasfactcheck.com/workers-world/	mixed	left
779	http://www.globalintegrity.org/	globalintegrity.org	http://mediabiasfactcheck.com/global-integrity/	high	center
780	http://harddawn.com/	harddawn.com	http://mediabiasfactcheck.com/hard-dawn/	low	center
781	https://fedsoc.org/	fedsoc.org	https://mediabiasfactcheck.com/federalist-society/	mixed	right
782	http://politichicks.com/	politichicks.com	http://mediabiasfactcheck.com/politichicks/	mixed	right
783	http://www.nextavenue.org/	nextavenue.org	http://mediabiasfactcheck.com/next-avenue/	high	center
784	http://www.rappler.com/	rappler.com	http://mediabiasfactcheck.com/rappler/	mixed	left
785	http://oppositionreport.com	oppositionreport.com	http://mediabiasfactcheck.com/opposition-report/	low	left
786	http://www.ejinsight.com/	ejinsight.com	https://mediabiasfactcheck.com/ej-insight-eji/	high	center
788	https://www.avoiceformen.com/	avoiceformen.com	http://mediabiasfactcheck.com/a-voice-for-men/	low	right
789	http://christwire.org/	christwire.org	http://mediabiasfactcheck.com/christwire/	low	center
790	http://www.futureinamerica.com/news	futureinamerica.com-news	http://mediabiasfactcheck.com/future-in-america/	mixed	right
791	http://newcenturytimes.com/	newcenturytimes.com	http://mediabiasfactcheck.com/new-century-times/	low	left
792	http://chaser.com.au	chaser.com.au	https://mediabiasfactcheck.com/the-chaser/	low	center
794	http://libertyhangout.org/	libertyhangout.org	http://mediabiasfactcheck.com/liberty-hangout/	mixed	right
796	https://www.psychologytoday.com/	psychologytoday.com	http://mediabiasfactcheck.com/psychology-today/	high	center
797	https://consortiumnews.com/	consortiumnews.com	http://mediabiasfactcheck.com/consortium-news/	high	center
798	http://usainfront.com	usainfront.com	https://mediabiasfactcheck.com/usa-in-front/	low	right
799	http://www.conservativehq.com/	conservativehq.com	http://mediabiasfactcheck.com/conservative-hq/	mixed	right
800	http://rinf.com	rinf.com	https://mediabiasfactcheck.com/rinf/	low	right
801	http://www.conservativedailynews.com/	conservativedailynews.com	http://mediabiasfactcheck.com/conservative-daily-news/	mixed	right
802	https://capitalresearch.org/	capitalresearch.org	https://mediabiasfactcheck.com/capital-research-center/	mixed	right
803	https://infogalactic.com	infogalactic.com	https://mediabiasfactcheck.com/infogalactic/	low	right
804	http://news.err.ee	news.err.ee	https://mediabiasfactcheck.com/err-news-estonia-public-broadcasting/	high	center
805	http://www.opslens.com/	opslens.com	https://mediabiasfactcheck.com/opslens/	mixed	right
806	http://vote.us.org/	vote.us.org	http://mediabiasfactcheck.com/vote/	mixed	left
807	http://www.newsnow.co.uk/h/	newsnow.co.uk	http://mediabiasfactcheck.com/newsnow-uk/	mixed	center
808	http://www.magapill.com	magapill.com	https://mediabiasfactcheck.com/magapill/	low	right
809	http://www.themilitant.com/	themilitant.com	http://mediabiasfactcheck.com/the-militant/	high	left
811	http://readersupportednews.org	readersupportednews.org	https://mediabiasfactcheck.com/reader-supported-news-rsn/	mixed	left
812	http://www.redstate.com/	redstate.com	http://mediabiasfactcheck.com/red-state/	mixed	right
813	http://democratherald.com	democratherald.com	https://mediabiasfactcheck.com/albany-democrat-herald/	high	center
815	http://cowgernation.com/	cowgernation.com	https://mediabiasfactcheck.com/cowger-nation/	mixed	right
816	https://hillarydaily.com/	hillarydaily.com	https://mediabiasfactcheck.com/hillary-daily/	mixed	right
817	http://www.freemedia.at/	freemedia.at	http://mediabiasfactcheck.com/international-press-institute/	high	center
818	https://beinglibertarian.com/	beinglibertarian.com	http://mediabiasfactcheck.com/being-libertarian/	high	right
819	http://www.frontpagemag.com/	frontpagemag.com	http://mediabiasfactcheck.com/frontpage-magazine/	low	right
820	http://americanindependent.com/	americanindependent.com	https://mediabiasfactcheck.com/american-independent-institute/	high	left
821	http://www.curvemag.com	curvemag.com	https://mediabiasfactcheck.com/curve-magazine/	high	left
823	http://www.nber.org/	nber.org	http://mediabiasfactcheck.com/national-bureau-of-economic-research-nber/	high	center
825	http://www.centerforinquiry.net/	centerforinquiry.net	http://mediabiasfactcheck.com/center-for-inquiry/	high	center
832	http://viralliberty.com/	viralliberty.com	http://mediabiasfactcheck.com/viral-liberty/	low	right
833	http://dailysnark.com/	dailysnark.com	http://mediabiasfactcheck.com/dailysnark/	low	center
834	http://eng.majalla.com/	eng.majalla.com	http://mediabiasfactcheck.com/al-majalla/	high	center
836	http://newsblaze.com/	newsblaze.com	https://mediabiasfactcheck.com/news-blaze/	low	right
837	http://votesmart.org/	votesmart.org	http://mediabiasfactcheck.com/votesmart/	high	center
839	http://evonomics.com/	evonomics.com	http://mediabiasfactcheck.com/evonomics/	high	left
840	http://www.thenationalpatriot.com/	thenationalpatriot.com	https://mediabiasfactcheck.com/the-national-patriot/	low	right
841	http://www.torontosun.com/	torontosun.com	http://mediabiasfactcheck.com/toronto-sun/	high	right
842	http://www.theunrealtimes.com/	theunrealtimes.com	http://mediabiasfactcheck.com/the-unreal-times/	low	center
843	http://www.staresattheworld.com/	staresattheworld.com	https://mediabiasfactcheck.com/stares-at-the-world/	low	right
845	http://bluetribune.com/	bluetribune.com	https://mediabiasfactcheck.com/blue-tribune/	low	left
846	http://notallowedto.com/	notallowedto.com	http://mediabiasfactcheck.com/not-allowed-to/	low	center
847	http://worldpress.org/	worldpress.org	http://mediabiasfactcheck.com/world-press-review/	high	center
849	http://newbostonpost.com	newbostonpost.com	https://mediabiasfactcheck.com/new-boston-post/	mixed	right
850	http://thedcgazette.com/	thedcgazette.com	http://mediabiasfactcheck.com/dc-gazette/	low	right
851	http://www.barenakedislam.com/	barenakedislam.com	http://mediabiasfactcheck.com/bare-naked-islam/	low	right
852	http://twitchy.com/	twitchy.com	http://mediabiasfactcheck.com/twitchy/	mixed	right
853	https://www.newyorker.com/humor/borowitz-report	newyorker.com-humor-borowitz-report	https://mediabiasfactcheck.com/borowitz-report/	low	center
855	http://www.thenewamerican.com/	thenewamerican.com	http://mediabiasfactcheck.com/the-new-american/	mixed	right
856	http://www.rawstory.com/	rawstory.com	http://mediabiasfactcheck.com/raw-story/	mixed	left
857	http://freakoutnation.com/	freakoutnation.com	http://mediabiasfactcheck.com/freakout-nation/	low	left
858	http://www.smithsonianmag.com/	smithsonianmag.com	http://mediabiasfactcheck.com/smithsonian-magazine/	high	center
859	http://www.unionleader.com/	unionleader.com	http://mediabiasfactcheck.com/manchester-union-leader/	high	right
860	https://steadfastandloyal.com/	steadfastandloyal.com	https://mediabiasfactcheck.com/steadfast-and-loyal/	low	right
861	http://theresurgent.com/	theresurgent.com	https://mediabiasfactcheck.com/the-resurgent/	mixed	right
862	http://www.cnntimes.online/	cnntimes.online	https://mediabiasfactcheck.com/sparkscnntimes/	mixed	left
863	http://www.independentsentinel.com/	independentsentinel.com	http://mediabiasfactcheck.com/independent-sentinel/	high	right
864	http://100percentfedup.com/	100percentfedup.com	http://mediabiasfactcheck.com/100-percent-fed-up/	low	right
865	http://www.bullshido.net/	bullshido.net	https://mediabiasfactcheck.com/bullshido/	high	center
866	http://www.tfp.org/	tfp.org	https://mediabiasfactcheck.com/american-society-defense-tradition-family-property/	low	right
867	http://www.lifenews.com/	lifenews.com	http://mediabiasfactcheck.com/life-news/	mixed	right
869	http://www.sciencedirect.com/	sciencedirect.com	http://mediabiasfactcheck.com/sciencedirect/	high	center
870	https://www.lewrockwell.com/	lewrockwell.com	http://mediabiasfactcheck.com/lew-rockwell/	low	right
872	http://www.patheos.com/	patheos.com	http://mediabiasfactcheck.com/patheos/	mixed	center
873	http://girlsjustwannahaveguns.com/	girlsjustwannahaveguns.com	http://mediabiasfactcheck.com/girls-just-wanna-have-guns/	low	right
875	http://observeronline.news/	observeronline.news	https://mediabiasfactcheck.com/observer-online/	low	center
876	http://crfb.org/	crfb.org	http://mediabiasfactcheck.com/committee-for-a-responsible-federal-budget/	high	center
877	https://www.stpete4peace.org/	stpete4peace.org	http://mediabiasfactcheck.com/st-pete-for-peace/	high	left
878	http://feministing.com/	feministing.com	https://mediabiasfactcheck.com/feministing/	high	left
879	http://www.unz.com/	unz.com	https://mediabiasfactcheck.com/the-unz-report/	low	right
880	https://globalvoices.org/	globalvoices.org	https://mediabiasfactcheck.com/global-voices/	high	left
881	http://www.dcstatesman.com/	dcstatesman.com	http://mediabiasfactcheck.com/dc-statesman/	mixed	right
882	http://www.thedailyliberator.com/	thedailyliberator.com	http://mediabiasfactcheck.com/the-daily-liberator/	mixed	right
883	http://www.nationalreview.com/	nationalreview.com	http://mediabiasfactcheck.com/national-review/	high	right
884	http://www.theburningspear.com/	theburningspear.com	https://mediabiasfactcheck.com/the-burning-spear/	high	left
885	http://www.pacificpundit.com/	pacificpundit.com	https://mediabiasfactcheck.com/pacific-pundit/	low	right
886	https://theredshtick.com/	theredshtick.com	https://mediabiasfactcheck.com/the-red-shtick/	low	center
887	http://politicaldig.com/	politicaldig.com	https://mediabiasfactcheck.com/political-dig/	mixed	left
888	https://www.memri.org/	memri.org	https://mediabiasfactcheck.com/middle-east-media-research-institute-memri/	low	right
889	http://www.tvw.org/	tvw.org	http://mediabiasfactcheck.com/tvw-washington-state/	high	center
893	http://www.nationaleconomicseditorial.com/	nationaleconomicseditorial.com	http://mediabiasfactcheck.com/national-economics-editorial/	low	right
894	https://www.middleeastmonitor.com/	middleeastmonitor.com	http://mediabiasfactcheck.com/middle-east-monitor/	mixed	left
895	https://www.britannica.com/	britannica.com	https://mediabiasfactcheck.com/encyclopedia-britannica/	high	center
897	http://www.dailytelegraph.com.au/	dailytelegraph.com.au	http://mediabiasfactcheck.com/the-daily-telegraph-australia/	mixed	right
898	https://www.foreignaffairs.com/	foreignaffairs.com	http://mediabiasfactcheck.com/foreign-affairs/	high	center
899	http://cis.org/	cis.org	http://mediabiasfactcheck.com/center-for-immigration-studies-cis/	low	right
901	https://canadiandimension.com/	canadiandimension.com	http://mediabiasfactcheck.com/canadian-dimension/	high	left
902	https://schmedium.org	schmedium.org	https://mediabiasfactcheck.com/schmedium/	low	center
903	http://www.standard.net/	standard.net	https://mediabiasfactcheck.com/utah-standard-examiner/	high	center
904	https://www.change.org/	change.org	http://mediabiasfactcheck.com/change-org/	high	left
905	http://www.democraticunderground.com/	democraticunderground.com	http://mediabiasfactcheck.com/democratic-underground/	mixed	left
906	https://www.pastemagazine.com/	pastemagazine.com	http://mediabiasfactcheck.com/paste-magazine/	high	left
907	https://www.texastribune.org/	texastribune.org	http://mediabiasfactcheck.com/texas-tribune/	high	center
908	http://www.consnation.com/	consnation.com	https://mediabiasfactcheck.com/conservative-nation/	low	right
913	http://loveknowledge.org/	loveknowledge.org	https://mediabiasfactcheck.com/love-knowledge/	mixed	left
914	http://www.democracynow.org/	democracynow.org	http://mediabiasfactcheck.com/democracy-now/	high	left
916	http://www.winonadailynews.com	winonadailynews.com	https://mediabiasfactcheck.com/winona-daily-news/	high	center
919	http://www.factcheck.org/	factcheck.org	http://mediabiasfactcheck.com/factcheck/	high	center
921	http://thediplomat.com/	thediplomat.com	http://mediabiasfactcheck.com/the-diplomat-magazine/	high	center
922	http://dailysurge.com/	dailysurge.com	http://mediabiasfactcheck.com/daily-surge/	mixed	right
924	https://www.mediacircus.com/	mediacircus.com	https://mediabiasfactcheck.com/media-circus/	mixed	right
925	http://www.defenseone.com/	defenseone.com	http://mediabiasfactcheck.com/defense-one/	high	center
926	https://electronicintifada.net/	electronicintifada.net	http://mediabiasfactcheck.com/electronic-intifada/	high	left
927	http://www.usasupreme.com/	usasupreme.com	http://mediabiasfactcheck.com/usa-supreme/	low	right
928	http://www.thelibertyeagle.com	thelibertyeagle.com	https://mediabiasfactcheck.com/the-liberty-eagle/	low	right
930	http://www.slate.com/	slate.com	http://mediabiasfactcheck.com/slate/	high	left
931	http://www.westernjournalism.com/thepoint/	westernjournalism.com-thepoint	http://mediabiasfactcheck.com/tea-party-news-tpnn/	mixed	right
932	https://conservativebase.com/	conservativebase.com	http://mediabiasfactcheck.com/conservative-base/	mixed	right
934	http://mondoweiss.net/	mondoweiss.net	http://mediabiasfactcheck.com/mondoweiss/	high	left
935	http://www.newsbusters.org/	newsbusters.org	http://mediabiasfactcheck.com/newsbusters/	mixed	right
936	https://thewashingtonreporter.com/	thewashingtonreporter.com	https://mediabiasfactcheck.com/the-washington-reporter/	low	right
937	http://theoswatch.com	theoswatch.com	https://mediabiasfactcheck.com/theoswatch-com/	mixed	left
938	https://www.thesun.co.uk/	thesun.co.uk	http://mediabiasfactcheck.com/the-sun/	mixed	right
940	http://missoulian.com/	missoulian.com	https://mediabiasfactcheck.com/missoulian/	high	center
941	http://cumberlink.com	cumberlink.com	https://mediabiasfactcheck.com/the-sentinel-pennsylvania/	high	center
942	http://www.mediazone.news/	mediazone.news	http://mediabiasfactcheck.com/media-zone/	low	right
943	http://carnegieendowment.org/	carnegieendowment.org	http://mediabiasfactcheck.com/carnegie-endowment-for-international-peace/	high	center
944	https://www.liberalexaminer.com/	liberalexaminer.com	https://mediabiasfactcheck.com/liberal-examiner/	mixed	left
945	http://www.readingthepictures.org	readingthepictures.org	https://mediabiasfactcheck.com/reading-the-pictures/	high	left
947	http://imowired.com/	imowired.com	https://mediabiasfactcheck.com/imowired/	low	right
949	http://www.alreporter.com	alreporter.com	https://mediabiasfactcheck.com/alabama-political-reporter/	high	center
950	http://www.msnbc.com/	msnbc.com	http://mediabiasfactcheck.com/msnbc/	mixed	left
953	http://www.theshovel.com.au/	theshovel.com.au	https://mediabiasfactcheck.com/the-shovel/	low	center
955	http://www.censored.news/	censored.news	http://mediabiasfactcheck.com/censored-news/	low	right
957	https://www.frontiersin.org/	frontiersin.org	https://mediabiasfactcheck.com/frontiers/	mixed	center
958	https://outabouter.com/	outabouter.com	http://mediabiasfactcheck.com/the-out-and-abouter/	low	center
960	http://www.the-daily-news.co.uk/	the-daily-news.co.uk	http://mediabiasfactcheck.com/the-daily-news-uk/	low	center
961	http://www.malaysia-today.net/	malaysia-today.net	https://mediabiasfactcheck.com/malaysia-today/	mixed	center
962	http://www.drudgereport.com/	drudgereport.com	http://mediabiasfactcheck.com/drudge-report/	mixed	right
964	http://www.texasstandard.org/	texasstandard.org	https://mediabiasfactcheck.com/texas-standard/	high	center
966	http://bigthink.com/	bigthink.com	http://mediabiasfactcheck.com/big-think/	high	center
968	https://scripps.ucsd.edu/news	scripps.ucsd.edu-news	https://mediabiasfactcheck.com/scripps-institution-oceanography/	high	center
969	http://www.lavendermagazine.com/	lavendermagazine.com	http://mediabiasfactcheck.com/lavender-magazine/	high	left
970	https://thecitizenpress.com	thecitizenpress.com	https://mediabiasfactcheck.com/the-citizen-press/	mixed	right
971	http://www.freewoodpost.com/	freewoodpost.com	http://mediabiasfactcheck.com/free-wood-post/	low	center
973	https://www.truebluescoop.com	truebluescoop.com	https://mediabiasfactcheck.com/true-blue-scoop/	low	left
974	http://carepublican.com	carepublican.com	https://mediabiasfactcheck.com/the-california-republican/	high	right
976	http://www.drudge.com/	drudge.com	http://mediabiasfactcheck.com/drudge-retort/	mixed	left
977	http://www.bluedotdaily.com/	bluedotdaily.com	http://mediabiasfactcheck.com/blue-dot-daily/	mixed	left
979	http://donaldtrumpnews.co/	donaldtrumpnews.co	http://mediabiasfactcheck.com/donald-trump-news/	low	right
981	http://www.taipeitimes.com/	taipeitimes.com	https://mediabiasfactcheck.com/taipei-times/	high	center
982	http://liberalbias.com/	liberalbias.com	https://mediabiasfactcheck.com/liberal-bias-press/	low	center
986	https://rochdaleherald.co.uk/amp/	rochdaleherald.co.uk	https://mediabiasfactcheck.com/the-rochdale-herald/	low	center
987	http://dailyheadlines.net/	dailyheadlines.net	http://mediabiasfactcheck.com/daily-headlines/	low	right
988	http://redalertpolitics.com/	redalertpolitics.com	http://mediabiasfactcheck.com/red-alert-politics/	mixed	right
989	https://www.hopkinsmedicine.org/	hopkinsmedicine.org	https://mediabiasfactcheck.com/johns-hopkins-medicine/	high	center
991	http://citizensunited.org/index.aspx	citizensunited.org-index.aspx	http://mediabiasfactcheck.com/citizens-united/	mixed	right
992	http://thewashingtonstandard.com/	thewashingtonstandard.com	https://mediabiasfactcheck.com/the-washington-standard/	low	right
993	https://splinternews.com	splinternews.com	https://mediabiasfactcheck.com/splinter/	mixed	left
995	http://bizstandardnews.com/	bizstandardnews.com	http://mediabiasfactcheck.com/business-standard-news-bs-news/	low	center
996	http://empirenews.net/	empirenews.net	http://mediabiasfactcheck.com/empire-news/	low	center
997	http://therantidote.com/	therantidote.com	https://mediabiasfactcheck.com/the-rantidote/	mixed	right
999	http://globegazette.com	globegazette.com	https://mediabiasfactcheck.com/globe-gazette-iowa/	high	center
1000	http://washingtonmonthly.com/	washingtonmonthly.com	http://mediabiasfactcheck.com/washington-monthly/	high	left
1002	https://www.iea.org/	iea.org	http://mediabiasfactcheck.com/international-energy-agency-iea/	high	center
1003	http://www.theblaze.com/	theblaze.com	http://mediabiasfactcheck.com/the-blaze/	mixed	right
1004	http://bannedinformation.com	bannedinformation.com	https://mediabiasfactcheck.com/banned-information/	low	right
1005	http://www.weaselzippers.us/	weaselzippers.us	http://mediabiasfactcheck.com/weasel-zippers/	mixed	right
1006	http://www.towleroad.com/	towleroad.com	http://mediabiasfactcheck.com/towleroad/	mixed	left
1007	http://www.ronpaulinstitute.org/	ronpaulinstitute.org	http://mediabiasfactcheck.com/the-ron-paul-institute/	mixed	right
1008	http://www.space.com/	space.com	http://mediabiasfactcheck.com/space-com/	high	center
1009	http://boingboing.net/	boingboing.net	http://mediabiasfactcheck.com/boing-boing/	high	left
1010	http://ilovemyfreedom.org/	ilovemyfreedom.org	http://mediabiasfactcheck.com/i-love-my-freedom/	low	right
1011	https://crimethinc.com/	crimethinc.com	http://mediabiasfactcheck.com/crimethinc/	high	left
1012	http://www.constitutionproject.org/	constitutionproject.org	http://mediabiasfactcheck.com/constitution-project/	high	center
1013	http://www.sayfiereview.com/	sayfiereview.com	https://mediabiasfactcheck.com/sayfie-review/	high	center
1014	http://reductress.com/	reductress.com	http://mediabiasfactcheck.com/reductress/	low	center
1015	http://gomerblog.com/	gomerblog.com	https://mediabiasfactcheck.com/gomer-blog/	low	center
1016	http://www.newshounds.us/	newshounds.us	http://mediabiasfactcheck.com/newshounds/	mixed	left
1018	http://indianexpress.com/	indianexpress.com	http://mediabiasfactcheck.com/the-indian-express/	high	center
1019	http://www.skepticink.com/	skepticink.com	http://mediabiasfactcheck.com/skeptic-ink/	high	center
1020	http://www.newyorker.com/	newyorker.com	http://mediabiasfactcheck.com/new-yorker/	high	left
1021	https://hardnews.network	hardnews.network	https://mediabiasfactcheck.com/hard-news/	low	right
1022	http://spectrumreport.com	spectrumreport.com	https://mediabiasfactcheck.com/spectrum-report/	mixed	center
1023	https://airwars.org/	airwars.org	https://mediabiasfactcheck.com/airwars/	high	center
1024	http://www.gallup.com/home.aspx	gallup.com-home.aspx	http://mediabiasfactcheck.com/gallup/	high	center
1025	http://www.americanthinker.com/	americanthinker.com	http://mediabiasfactcheck.com/american-thinker/	mixed	right
1026	http://www.faithwire.com	faithwire.com	https://mediabiasfactcheck.com/faithwire/	mixed	right
1028	http://www.onenewsnow.com/	onenewsnow.com	http://mediabiasfactcheck.com/onenewsnow/	mixed	right
1029	http://thefederalistpapers.org/	thefederalistpapers.org	http://mediabiasfactcheck.com/the-federalist-papers-project/	low	right
1031	http://eveningharold.com/	eveningharold.com	http://mediabiasfactcheck.com/evening-harold/	low	center
1032	http://ihypocrite.net	ihypocrite.net	https://mediabiasfactcheck.com/i-hypocrite/	low	right
1033	http://www.scotsman.com	scotsman.com	https://mediabiasfactcheck.com/the-scotsman/	high	center
1034	http://www.democratichub.com/	democratichub.com	http://mediabiasfactcheck.com/the-democratic-hub/	mixed	left
1035	http://silenceisconsent.net/	silenceisconsent.net	http://mediabiasfactcheck.com/silence-is-consent/	mixed	right
1036	http://www.ammoland.com/	ammoland.com	http://mediabiasfactcheck.com/ammoland/	high	right
1037	http://thesciencepost.com/	thesciencepost.com	https://mediabiasfactcheck.com/the-science-post/	low	center
1038	http://www.thedailymash.co.uk/	thedailymash.co.uk	http://mediabiasfactcheck.com/the-daily-mash/	low	center
1039	http://clashdaily.com/	clashdaily.com	http://mediabiasfactcheck.com/clash-daily/	low	right
1040	http://www.opensecrets.org/	opensecrets.org	http://mediabiasfactcheck.com/center-for-responsive-politics-open-secrets/	high	center
1041	http://www.usafirstinformation.com/	usafirstinformation.com	http://mediabiasfactcheck.com/usafirstinfo/	low	right
1042	http://patriotupdate.com/	patriotupdate.com	http://mediabiasfactcheck.com/patriot-update/	low	right
1043	http://jewwatch.com/	jewwatch.com	http://mediabiasfactcheck.com/jew-watch/	low	right
1044	https://democracyguardian.com	democracyguardian.com	https://mediabiasfactcheck.com/democracy-guardian/	mixed	left
1045	http://www.miaminewtimes.com/	miaminewtimes.com	http://mediabiasfactcheck.com/miami-new-times-2/	high	left
1046	https://sentinelksmo.org	sentinelksmo.org	https://mediabiasfactcheck.com/sentinel-ksmo/	mixed	right
1048	http://news.harvard.edu/gazette/	news.harvard.edu-gazette	http://mediabiasfactcheck.com/harvard-gazette/	high	center
1051	http://dailycurrant.com/	dailycurrant.com	http://mediabiasfactcheck.com/the-daily-currant/	low	center
1052	http://www.pewresearch.org/	pewresearch.org	http://mediabiasfactcheck.com/pew-research/	high	center
1053	https://www.hermancain.com/	hermancain.com	https://mediabiasfactcheck.com/hermancain-com/	mixed	right
1054	https://trofire.com/	trofire.com	http://mediabiasfactcheck.com/ring-of-fire/	high	left
1055	https://www.numbersusa.com/	numbersusa.com	http://mediabiasfactcheck.com/numbers-usa/	mixed	right
1059	http://allenwestrepublic.com/	allenwestrepublic.com	http://mediabiasfactcheck.com/allen-west-republic/	low	right
1062	http://aptnnews.ca	aptnnews.ca	https://mediabiasfactcheck.com/aptn-news/	high	center
1063	http://www.wsws.org	wsws.org	http://mediabiasfactcheck.com/world-socialist-web-site/	high	left
1064	https://www.spin.com/death-and-taxes/	spin.com-death-and-taxes	http://mediabiasfactcheck.com/deathandtaxes/	high	left
1065	http://www.aina.org	aina.org	https://mediabiasfactcheck.com/assyrian-international-news-agency/	mixed	right
